<?xml version="1.0" encoding="UTF-8"?>
<project-private xmlns="http://www.netbeans.org/ns/project-private/1">
    <editor-bookmarks xmlns="http://www.netbeans.org/ns/editor-bookmarks/2" lastBookmarkId="0"/>
    <open-files xmlns="http://www.netbeans.org/ns/projectui-open-files/2">
        <group>
            <file>file:/C:/Users/THE2201/Documents/NetBeansProjects/Sistema_Hotelero_Grupo7/src/Registros_Reservaciones/GUI.java</file>
        </group>
        <group name="NetBeansProjects"/>
    </open-files>
</project-private>
